Mixture,Macrophages,CD8_T,Malignant,Neutrophils,Acinar,Monocytes,Cycling_T,NK,B,CD4_T,Dendritic,Mast,Plasma,Treg,Stellate,Vascular,CAF,Endothelial,Endocrine,Ductal,Schwann,P-value,Correlation,RMSE
TCGA-IB-7649-01A-11R-2156-07,0.0274615428578496,0.060289973889515,0,0,0.144500145519837,0.019813547664121,0,0,0.0319305074914142,0.00259077039934805,0.00398380987641319,0.00743264689716769,0,0,0,0,0.201280914146991,0.0709929709093858,0.120123651514877,0.30959951883308,0,0,0.766444253860896,0.716933284027018
TCGA-HZ-7925-01A-11R-2156-07,0.0188766815546684,0.149826641337914,0.0556220538251371,0,0,0.00701746891753249,0,0,0.0679564495988431,0,0.0174781093009145,0.0129846564989462,0,0.0168632795753429,0,0,0.517410520741636,0.0617918576698935,0,0.074172280979172,0,0,0.75020047046372,0.681200475936191
TCGA-2L-AAQJ-01A-12R-A39D-07,0.0350212606748519,0.024004788216232,0.388664955720153,0,0,0.0250945876136616,0,0,0.0706902306461016,0,0,0.00251197119349011,0,0.0290998446397713,0.00770978366108442,0,0.150166054133104,0.0870401820554612,0,0.179996341446089,0,0,0.769548574481068,0.708377003727372
TCGA-HZ-A77O-01A-11R-A33R-07,0.0326641546072832,0,0.0867398847973407,0,0.575879481692004,0,0.0173210232998608,0,0.0277790594387634,0,0,0,0,0.00672073069678145,0.0343548774090349,0,0.0940754199468064,0.0499862816750715,0,0.0744790864370538,0,0,0.820976514825391,0.580970847617913
TCGA-IB-7887-01A-11R-2156-07,0.0145850411522279,0.0597650567019217,0.124185671641978,0.0137672035613168,0,0,0,0,0.156361682513781,0,0.0516281945632167,0.0129825210934442,0,0,0.000167907568382869,0,0.324302607739774,0.0546828294056349,0,0.187571284058321,0,0,0.718384951278188,0.71990529653492
TCGA-FB-AAPQ-01A-11R-A41B-07,0.0188904603345929,0.0447177669812904,0.318860299537544,0.00796460172550797,0,0,0,0,0.0245057665122657,0,0.00484784167343377,0.00362999516527047,0,0.0206912674965317,0.0271797961528157,0,0.189554315028836,0.0570115283029711,0.0419049649284043,0.240241396160536,0,0,0.697802200663374,0.747765369044437
TCGA-XD-AAUG-01A-61R-A41B-07,0,0.100399551926602,0,0,0,0.00829398599586029,0,0,0.0734014259570323,0,0.00843033859871935,0.012267108987982,0,0.0204326921264567,0,0,0.480130780486787,0.036997669527865,0.182597442357446,0.0770490040352499,0,0,0.81193861887703,0.600861335823728
TCGA-YY-A8LH-01A-11R-A36G-07,0.00484192808263836,0,0.604053411952532,0,0,0,0,0,0.0242759533863816,0.00194231612276828,0,0.0128810644878786,0,0,0,0,0.0846257630706807,0.06498198250779,0.0454681065368505,0.15692947385248,0,0,0.667536856585975,0.757576821455351
TCGA-US-A77J-01A-11R-A32O-07,0.0454744704970264,0.120975425146887,0,0,0,0,0,0,0.236568475516281,0,0,0.00281173548038454,0,0.0175958335681447,0.0312963894558529,0,0.200429267774586,0.0574676941925941,0.0977619040542486,0.188754556165329,0.000864248148665412,0,0.785720578109985,0.713396025440796
TCGA-3A-A9IB-01A-21R-A39D-07,0.0522327072338167,0.0689845552497855,0.10260772904027,0,0.136032429012024,0,0,0,0.0531610850446581,0,0.0041459573248283,0.0107774846392333,0,0.0433383136337817,0.0282395631763904,0,0.271392483840131,0.112277141921116,0,0.116810549883965,0,0,0.71830259734491,0.73505270320478
TCGA-LB-A7SX-01A-11R-A33R-07,0.0180528701819998,0.00443704094882444,0.269826715926332,0.0265182445903966,0,0,0.0425442019244039,0,0.138083757588641,0,0,0.00905528562537716,0.0256321667735492,0,0,0.0370256714129144,0.139327285300124,0.0654666068433645,0.0319424675880251,0.18115074299249,0.0109369423035577,0,0.696879853830479,0.768199290178386
TCGA-IB-A5SS-01A-11R-A32O-07,0.124668941816857,0.0602466059554293,0.187542374603611,0,0,0.00273756370592396,0,0,0.0857247580072762,0,0,0,0,0,0.00843365180883164,0,0.367118045113652,0.0821973818221054,0,0.0813306771663136,0,0,0.63752528845653,0.78685347320238
TCGA-IB-AAUS-01A-12R-A38C-07,0.174903715445465,0.100042814092993,0.0220717927290523,0.0211312311005297,0,0,0,0,0.0824293886823257,0,0,0,0,0,0.00698462366389765,0,0.404062071176387,0.0928652574371409,0,0.0955091056722089,0,0,0.755336514355933,0.682581158956249
TCGA-2J-AABU-01A-11R-A41B-07,0.0533570290437127,0,0.287646798908919,0.004087182946345,0,0,0.051040916257175,0,0.0508242852074447,0,0.00440144310576511,0.00797904914925355,0,0,0.0204241445354917,0.0548163495681855,0.264706727842925,0.0835574009370038,0,0.117158672497779,0,0,0.665316750650089,0.762847017185653
TCGA-HV-AA8V-01A-11R-A41B-07,0.0711091942465031,0.015028110248471,0.0451932781715817,0,0,0,0,0,0.0378869392027895,0,0,0,0,0.0195703168184397,0.0346795441914919,0,0.432345670187224,0.0529787001782931,0,0.291208246755206,0,0,0.694144445689947,0.748390605898709
TCGA-2J-AABE-01A-12R-A41B-07,0.0378871109223846,0.031143160568045,0.205218684779672,0,0,0.0182073505786239,0,0,0.0773080387095301,0,0,0.00781400033436537,0,0.00448540381266582,0.0613283066512065,0,0.325432487805515,0.0581673670541596,0,0.173008088783832,0,0,0.69132806411918,0.739039154282998
TCGA-IB-7890-01A-12R-2204-07,0.0517427535066381,0.0439068874299098,0.0784453082639976,0,0,0,0,0,0.0917560217883847,0,0,0.00291521984899319,0,0.0221988664568097,0.0087590792361619,0,0.418358353094349,0.0948999372860071,0.162959909673841,0.0240576634149087,0,0,0.685188366966235,0.740524349582799
TCGA-IB-7893-01A-11R-2204-07,0.0321332330165442,0.163100814999347,0.0420942982578364,0.00349390555016349,0,0.0200385753223414,0,0,0.0990497237797291,0,0,0,0,0.043440003594846,0,0.0811146592973588,0.399779574278851,0.0534090816556325,0,0.0623461302473507,0,0,0.664164596079448,0.758777914487171
TCGA-US-A774-01A-21R-A32O-07,0.0316989317544462,0.0288560913040931,0,0,0.256167409862034,0.00174040045594922,0,0,0.0943693182477774,0,0.0114317235564473,0.00678187119333217,0,0,0.025066264141364,0,0.25771569216522,0.0409548937963017,0,0.245217403523035,0,0,0.71580246255028,0.725827968593885
TCGA-IB-8127-01A-11R-2404-07,0.0750415668801011,0.0514259300327949,0.163495413553742,0,0.114587431837341,0.00234145719738043,0.00566198542422784,0,0.0171666378444578,0.00803180430505401,0,0.00179200908053478,0,0,0.0188117719116821,0,0.334706679700741,0.0463186411081934,0.0111751731302493,0.1494434979935,0,0,0.747449469845975,0.702051426845552
TCGA-HV-A7OP-01A-11R-A33R-07,0.0214037527886623,0,0.539640053662962,0.0190962059238272,0,0,0,0.0998238378140797,0.0605828114298134,0,0.0687431133491671,0,0.0149026858298723,0.0593642620495011,0,0,0.0328917298246657,0.0390404658514532,0,0.0035071305390126,0.0410039509369831,0,0.352299980988705,0.93927393890894
TCGA-US-A779-01A-11R-A32O-07,0.0115996884088298,0,0.337958166785397,0,0,0.0169952143947783,0.00863041784181572,0,0.0166855430203125,0.0156197312716065,0,0.00480402702380535,0,0,0,0,0.0753953940508362,0.0549914693018729,0.139443603939238,0.317876743961508,0,0,0.803995953805335,0.679376678028906
TCGA-IB-A7M4-01A-11R-A36G-07,0.011498910520921,0.0413936156272367,0.441839729745113,0.00614492726418511,0.00280396000895799,0,0.0179933770872255,0,0.0814366371121813,0,0.0291642493269444,0.00274534794454613,0,0,0,0,0.184481974093925,0.0387601434397218,0.014625261924771,0.127111865904271,0,0,0.761757320232194,0.708498216530986
TCGA-HZ-7918-01A-11R-2156-07,0.0435736035665188,0.135980597989505,0,0,0.179321947064486,0,0,0,0.0577347851526171,0,0.0382050166538239,0,0.00113858724773161,0.0361005184658785,0,0.0429874359394475,0.158476404470773,0.0509611195484396,0.0587972016938138,0.196722782206966,0,0,0.580269031898578,0.830061616537024
TCGA-HZ-7923-01A-12R-2156-07,0.019139252410829,0.142137952140304,0,0,0,0.00212174903791863,0,0,0.0665595704341433,0,0.0535026877617448,0,0,0.00989941440437185,0,0.0373367470839166,0.290249234253638,0.0605319796465457,0.149628033596266,0.168893379230323,0,0,0.733611615444647,0.711435582732259
TCGA-IB-7654-01A-11R-2156-07,0.0147298878331763,0.0289630276468741,0.0607119310732494,0,0.442429624711966,0.0101881740570747,0,0,0.0406986085697781,0,0,0,0,0.00280588386344899,0.0201311428674452,0,0.215298705170933,0.0539503601055962,0.0497557275046902,0.0603369265957681,0,0,0.766190718283363,0.658511091998497
TCGA-IB-AAUR-01A-21R-A38C-07,0.0119787833828274,0.0823184902021247,0.0164796138009671,0,0,0.0204071904107989,0,0,0.368763043367559,0.0116518612284391,0.0123167517402526,0.0249166016411642,0,0,0,0.0184902015233092,0.290525912195793,0.0731885954037818,0,0.0478062868245505,0.0211566682784329,0,0.801822276873158,0.658092449133959
TCGA-IB-7645-01A-22R-2204-07,0.0551437995501758,0.143662906178023,0.0621688373070644,0,0,0,0,0,0.0479324140818347,0,0.0334551817191871,0,0,0.0109992811193049,0,0.062962868582933,0.355484646484275,0.0796844844816545,0.0570745970992548,0.0914309833962923,0,0,0.755952544706215,0.676862776310657
TCGA-IB-A6UF-01A-23R-A33R-07,0.0418994194437017,0.00779697209971368,0.161579612340741,0.0429169834317689,0.165164837056339,0,0.0109559563415672,0,0.0150632193316595,0,0,0.00825537468801285,0,0,0,0.0313518632605307,0.13986934214744,0.0740410022699201,0.0234811431004536,0.258381596925122,0.0192426775630296,0,0.779884520420276,0.712301636890237
TCGA-IB-AAUP-01A-11R-A37L-07,0.0331124694127874,0.0722865507379123,0.0263914538031413,0,0,0.0268720728152726,0,0,0.332140427762972,0,0,0,0,0.014751985989579,0,0,0.347027418561047,0.0591187805230627,0,0.0882988403942267,0,0,0.774698005927631,0.66547744211338
TCGA-IB-A6UG-01A-32R-A33R-07,0.0225183576685529,0.107809121326339,0,0.0340064276495264,0.522849786970958,0,0,0,0.0747678345803842,0,0,0,0,0,0,0,0.0673814276009161,0.0383066810925694,0,0.132360363110754,0,0,0.829894503906454,0.566559225770705
TCGA-OE-A75W-01A-12R-A32O-07,0.0454788617787384,0.050318412077165,0.391383078861242,0.00531837731568298,0,0,0,0,0.0347606218334809,0,0.0230081838215995,0.00469321326897976,0,0,0.0427461662208341,0,0.263350067502974,0.0324346468098525,0.0142649086479609,0.09224346186149,0,0,0.763497766696136,0.686567331227438
TCGA-US-A77G-01A-11R-A32O-07,0.00967305559924505,0.00556425287472173,0.384633820099653,0,0.25981996584933,0,0.000433835384391956,0,0.0305061124265677,0,0.010169648441017,0.00159941409004699,0,0,0,0.0219087760591935,0.0608771374315008,0.0584199566835072,0.031607531668323,0.124786493392502,0,0,0.782421975713777,0.684812426928479
TCGA-HZ-8001-01A-11R-2204-07,0.040227340637549,0.0685737100919574,0.0193352001221175,0.012740477921096,0,0,0,0,0.0953454152576284,0,0.00746831516529946,0.000228157370526753,0,0.0116099486226545,0,0,0.341358968061968,0.0756318231377893,0.268548129379423,0.0589325142319903,0,0,0.7501976271525,0.689745523224078
TCGA-IB-A5ST-01A-11R-A32O-07,0.0626145534077247,0.0892755421347062,0.0886451731808671,0,0,0.00741407040823309,0,0,0.213470560938562,0,0.000186723691099057,0,0,0.0319184589087496,0.00655245717773852,0,0.340024781713329,0.0910927887616238,0,0.0571841062806595,0.0116207833967074,0,0.792478714187049,0.652236901076095
TCGA-XD-AAUL-01A-21R-A39D-07,0.0447428303546665,0.0236334061827691,0.318691486973465,0.0151408408432202,0.00294036213697306,0,0,0,0.0657002745944721,0,0.0188256002461754,0,0,0.0278166743762982,0.0281979814236702,0,0.272135660282553,0.014019977936662,0,0.168154904649075,0,0,0.709524833131558,0.730160900239628
TCGA-HZ-7922-01A-11R-2156-07,0.0242688710055839,0.035866486389933,0.142907302127893,0,0.227283991016313,0.00112186262074088,0,0,0.0697837394186251,0,0.0218076506159986,0,0,0,0,0,0.330527987553238,0.0452432533026784,0.0304292701213344,0.0707595858276607,0,0,0.703727937607345,0.732837233093263
TCGA-2J-AAB6-01A-11R-A41B-07,0.0529569697557989,0.0139573129610931,0.296008416969652,0.0138575756839379,0,0,0.0335840912801664,0,0.0500379214710963,0,0,6.92248999079336e-05,0,0,0,0,0.280196517643421,0.072020833198164,0.176994789151665,0,0.0103163469850971,0,0.694819698954481,0.745118126690043
TCGA-2J-AABF-01A-31R-A41B-07,0.0715218462572752,0.0307667954871789,0.108052464298901,0,0.0133955082982841,0.0114229665454312,0,0,0.051881085421412,0,0,0,0,0.0180522097549009,0.00758286037954481,0,0.205825257633819,0.0745100605103263,0.151645792347535,0.255343153065391,0,0,0.73360366838959,0.734793026925016
TCGA-HZ-A49I-01A-12R-A26U-07,0.0311330401837615,0.0515526791871194,0.354870362346761,0,0,0.0258591231383646,0,0,0.0509039151069318,0,0.0173303617690193,0.000418179053011976,0,0,0.0117298661585462,0,0.231004505151843,0.0794331057836883,0,0.145764862120953,0,0,0.748309748059616,0.710068782748247
TCGA-F2-A7TX-01A-33R-A38C-07,0.073863229783782,0.0485480506226321,0.0499459510302752,0.00172459962919754,0.372385795246331,0,0.0198105554996608,0,0.0454865219471611,0,0,0,0,0.00965754354858129,0.00657088190259167,0,0.127082600801679,0.0629432899010432,0.0558352862600777,0.126145693826987,0,0,0.751445281320429,0.689930375445778
TCGA-IB-7889-01A-11R-2156-07,0.0246693639539298,0.0302604589691846,0.112983270399164,0,0.328003281991777,0.0187772046437745,0,0,0.0794052305163137,0,0.0153031992750844,0.000286638138358591,0,0,0,0.0308611504162377,0.148140597038685,0.0594164280060857,0.0158723577300094,0.136020818921396,0,0,0.746066431202482,0.702867077855874
TCGA-HZ-7926-01A-11R-2156-07,0.00691287947537715,0.0520336714833036,0.0715605692543512,0,0.123922361094631,0.0077139337261592,0,0,0.0763294031352318,0,0.0166878399492559,0.0135904057497161,0,0,0,0.0247255232871826,0.160107582886928,0.0899747871481606,0,0.356441042809704,0,0,0.692721586796604,0.761069523831509
TCGA-FB-A5VM-01A-11R-A32O-07,0.0844495894253003,0,0.204754073480134,0.0032448082726309,0,0,0.0249981550662809,0,0.103669219826228,0.00344059643234099,0,0.00331109507931231,0,0,0.0296744546539781,0,0.311163444997822,0.0821544183730636,0.10658028280501,0,0.0425598615878997,0,0.748195992776384,0.693702341225326
TCGA-FB-AAPS-01A-12R-A39D-07,0.0689675165940544,0.137824453719736,0,0,0.0461834407733451,0,0,0,0.152335877940342,0,0,0.0161537180624494,0,0.00797878820117874,0.0245087970945349,0,0.406288602236287,0.0642329092748689,0,0.0755258961032036,0,0,0.715050877940571,0.713304530735034
TCGA-HV-A5A6-01A-11R-A26U-07,0.00629976530525973,0.0266308729712746,0.360055802540259,0,0,0.00625965913135047,0.023452151991474,0,0.0201655123806748,0,0,0.00361355764136423,0,0.0159402737429382,0.022703474421524,0,0.321124084380146,0.0684955992596533,0,0.125259246234082,0,0,0.718892566492623,0.71439146444668
TCGA-IB-8126-01A-11R-2404-07,0,0.0732662957469505,0,0.00686031017904301,0.71619967474571,0,0,0,0.0669311359544457,0,0.00200612709065581,0.0107097575401376,0,0,0,0,0.0866928599940579,0.0265131731065553,0.00653330617994149,0.00428735946250234,0,0,0.779735585451386,0.666082725897532
TCGA-2J-AAB8-01A-12R-A41B-07,0.0279080075932072,0.0958674281211728,0.304202908941967,0,0,0.00559324962162894,0,0,0.0472438436265771,0,0.0109369744544527,0.00431885175239159,0,0.0254031257136518,0.0453414070533783,0,0.358857612496844,0.036266273311863,0,0.038060317312866,0,0,0.732105022258938,0.698676774443369
TCGA-FB-A78T-01A-12R-A32O-07,0.0539611182317092,0.00291170891336197,0.162087926361593,0,0.423205320890752,0,0,0,0.0414984965919734,0,0,0.000510072843914599,0,0,0,0,0.0858951081496566,0.040338764598223,0.0279759357480292,0.161615547670787,0,0,0.805722467867907,0.621035467650444
TCGA-IB-AAUW-01A-12R-A38C-07,0.00679489716991564,0.0480735499886002,0,0,0.234145396540184,0.00841527103530152,0,0,0.0427040503823564,0,0,0.00187390101161406,0,0,0.0109689841251115,0,0.132455453808224,0.0663419515494519,0.113599443536141,0.3346271008531,0,0,0.792555787006982,0.685950816144659
